{
  "parameters": {
    "device": "cuda",
    "hash_size": 8,
    "threshold": 0.8,
    "batch_size": 32
  },
  "results": {
    "ahash": {
      "mAP": 0.302457314536947,
      "μAP": 0.005321673106908007,
      "P@1": 0.10191082802547771,
      "R@1": 0.10191082802547771,
      "P@5": 0.0980891719745223,
      "R@5": 0.49044585987261147,
      "P@10": 0.09554140127388533,
      "R@10": 0.9554140127388535
    },
    "dhash": {
      "mAP": 0.1968433945742863,
      "μAP": 0.06896551724137931,
      "P@1": 0.03821656050955414,
      "R@1": 0.03821656050955414,
      "P@5": 0.050955414012738856,
      "R@5": 0.25477707006369427,
      "P@10": 0.09426751592356686,
      "R@10": 0.9426751592356688
    },
    "phash": {
      "mAP": 0.25415491941005525,
      "μAP": 0.08378378378378379,
      "P@1": 0.07643312101910828,
      "R@1": 0.07643312101910828,
      "P@5": 0.07388535031847135,
      "R@5": 0.36942675159235666,
      "P@10": 0.09808917197452226,
      "R@10": 0.9808917197452229
    }
  }
}