算法,mAP,μAP,哈希大小,时间戳,缩放比例
Perceptual Hash (pHash),0.572684,0.569774,16,20250325_133239,N/A
ResNet50 Deep Features,0.889316,0.847680,16,20250325_133239,N/A
ViT Deep Features,0.708110,0.581331,16,20250325_133239,N/A
