算法,mAP,μAP,哈希大小,时间戳,缩放比例
ViT Hash,0.876056,0.798568,16,20250325_175909,N/A
ViT Deep Features,0.913840,0.847186,16,20250325_175909,N/A
