算法,mAP,μAP,哈希大小,时间戳,缩放比例
ViT Hash,0.594698,0.483328,16,20250325_131124,N/A
ViT Deep Features,0.708110,0.581331,16,20250325_131124,N/A
